length_comp,tag_data,penalties
800927.309912996,30970.4425288814,-1271230.91225691
