npar,objfun,gradient
2253,-439333.159815034,2.63901474246167e-05
